"","AccessionID","LibraryLayout","Pathogen","tissue","cultivar","TimePoint","Treatment","study","PseudoalignmentRate","Type","ReadsPseudoaligned","LibrarySelection","Instrument"
"1","SRR5320385","paired","Puccinia striiformis f. sp. tritici (wheat stripe rust)","leaf","Manchuria",NA,"Infected","https://www.science.org/doi/10.1126/sciadv.abn7258",74.3,"Biotroph",42352572,"Random PCR","Illumina HiSeq 2500"
"2","SRR5320386","paired","Puccinia striiformis f. sp. tritici (wheat stripe rust)","leaf","Haruna Nijo",NA,"Infected","https://www.science.org/doi/10.1126/sciadv.abn7259",73.0999999999999,"Biotroph",28536249,"Random PCR","Illumina HiSeq 2500"
"3","SRR5320387","paired","Puccinia striiformis f. sp. tritici (wheat stripe rust)","leaf","Haruna Nijo",NA,"Infected","https://www.science.org/doi/10.1126/sciadv.abn7260",72.9,"Biotroph",28471016,"Random PCR","Illumina HiSeq 2500"
"4","SRR5320388","paired","Puccinia striiformis f. sp. tritici (wheat stripe rust)","leaf","CI 16153",NA,"Infected","https://www.science.org/doi/10.1126/sciadv.abn7261",80,"Biotroph",45034038,"Random PCR","Illumina HiSeq 2500"
"5","SRR5320389","paired","Puccinia striiformis f. sp. tritici (wheat stripe rust)","leaf","CI 16147",NA,"Infected","https://www.science.org/doi/10.1126/sciadv.abn7262",69.4,"Biotroph",31891031,"Random PCR","Illumina HiSeq 2500"
"6","SRR5320390","paired","Puccinia striiformis f. sp. tritici (wheat stripe rust)","leaf","CIho 4196",NA,"Infected","https://www.science.org/doi/10.1126/sciadv.abn7263",78,"Biotroph",34816432,"Random PCR","Illumina HiSeq 2500"
"7","SRR5320556","paired","Puccinia striiformis f. sp. tritici (wheat stripe rust)","leaf","Haruna Nijo",NA,"Infected","https://www.science.org/doi/10.1126/sciadv.abn7264",73.9,"Biotroph",14328699,"Random PCR","Illumina HiSeq 2500"
"8","SRR5320557","paired","Puccinia striiformis f. sp. tritici (wheat stripe rust)","leaf","Haruna Nijo",NA,"Infected","https://www.science.org/doi/10.1126/sciadv.abn7265",74.0999999999999,"Biotroph",14562825,"Random PCR","Illumina HiSeq 2500"
"9","SRR5344997","paired","Puccinia striiformis f. sp. tritici (wheat stripe rust)","leaf","SusPtrit",NA,"Infected","https://www.science.org/doi/10.1126/sciadv.abn7266",78.4,"Biotroph",35353038,"Random PCR","Illumina HiSeq 2500"
"10","SRR5344998","paired","Puccinia striiformis f. sp. tritici (wheat stripe rust)","leaf","Sultan 5",NA,"Infected","https://www.science.org/doi/10.1126/sciadv.abn7267",76.9,"Biotroph",14857560,"Random PCR","Illumina HiSeq 2500"
"11","SRR5344999","paired","Puccinia striiformis f. sp. tritici (wheat stripe rust)","leaf","Sultan 5",NA,"Infected","https://www.science.org/doi/10.1126/sciadv.abn7268",77.0999999999999,"Biotroph",14963829,"Random PCR","Illumina HiSeq 2500"
"12","SRR5345000","paired","Puccinia striiformis f. sp. tritici (wheat stripe rust)","leaf","Q21861",NA,"Infected","https://www.science.org/doi/10.1126/sciadv.abn7269",74.5,"Biotroph",14785264,"Random PCR","Illumina HiSeq 2500"
"13","SRR5345001","paired","Puccinia striiformis f. sp. tritici (wheat stripe rust)","leaf","Q21861",NA,"Infected","https://www.science.org/doi/10.1126/sciadv.abn7270",74.3,"Biotroph",14405899,"Random PCR","Illumina HiSeq 2500"
"14","SRR5345002","paired","Puccinia striiformis f. sp. tritici (wheat stripe rust)","leaf","Pallas",NA,"Infected","https://www.science.org/doi/10.1126/sciadv.abn7271",78.8,"Biotroph",34612637,"Random PCR","Illumina HiSeq 2500"
"15","SRR5345003","paired","Puccinia striiformis f. sp. tritici (wheat stripe rust)","leaf","Maritime",NA,"Infected","https://www.science.org/doi/10.1126/sciadv.abn7272",75,"Biotroph",15252625,"Random PCR","Illumina HiSeq 2500"
"16","SRR5345004","paired","Puccinia striiformis f. sp. tritici (wheat stripe rust)","leaf","Maritime",NA,"Infected","https://www.science.org/doi/10.1126/sciadv.abn7273",75.3,"Biotroph",15478050,"Random PCR","Illumina HiSeq 2500"
"17","SRR5345005","paired","Puccinia striiformis f. sp. tritici (wheat stripe rust)","leaf","Igri",NA,"Infected","https://www.science.org/doi/10.1126/sciadv.abn7274",75.9,"Biotroph",28151973,"Random PCR","Illumina HiSeq 2500"
"18","SRR5345006","paired","Puccinia striiformis f. sp. tritici (wheat stripe rust)","leaf","I 5",NA,"Infected","https://www.science.org/doi/10.1126/sciadv.abn7275",74.3,"Biotroph",10680615,"Random PCR","Illumina HiSeq 2500"
"19","SRR5345007","paired","Puccinia striiformis f. sp. tritici (wheat stripe rust)","leaf","I 5",NA,"Infected","https://www.science.org/doi/10.1126/sciadv.abn7276",74.5999999999999,"Biotroph",10829900,"Random PCR","Illumina HiSeq 2500"
"20","SRR5345009","paired","Puccinia striiformis f. sp. tritici (wheat stripe rust)","leaf","HOR 1428",NA,"Infected","https://www.science.org/doi/10.1126/sciadv.abn7277",78.9,"Biotroph",13827903,"Random PCR","Illumina HiSeq 2500"
"21","SRR5345018","paired","Puccinia striiformis f. sp. tritici (wheat stripe rust)","leaf","HOR 1428",NA,"Infected","https://www.science.org/doi/10.1126/sciadv.abn7278",76.8,"Biotroph",13695350,"Random PCR","Illumina HiSeq 2500"
"22","SRR5345019","paired","Puccinia striiformis f. sp. tritici (wheat stripe rust)","leaf","Hindmarsh",NA,"Infected","https://www.science.org/doi/10.1126/sciadv.abn7279",76.9,"Biotroph",13811155,"Random PCR","Illumina HiSeq 2500"
"23","SRR5345020","paired","Puccinia striiformis f. sp. tritici (wheat stripe rust)","leaf","Hindmarsh",NA,"Infected","https://www.science.org/doi/10.1126/sciadv.abn7280",75.5,"Biotroph",10830785,"Random PCR","Illumina HiSeq 2500"
"24","SRR5345023","paired","Puccinia striiformis f. sp. tritici (wheat stripe rust)","leaf","Heils Franken",NA,"Infected","https://www.science.org/doi/10.1126/sciadv.abn7281",74.2,"Biotroph",14481596,"Random PCR","Illumina HiSeq 2500"
"25","SRR5345024","paired","Puccinia striiformis f. sp. tritici (wheat stripe rust)","leaf","Heils Franken",NA,"Infected","https://www.science.org/doi/10.1126/sciadv.abn7282",76.4,"Biotroph",15898704,"Random PCR","Illumina HiSeq 2500"
"26","SRR5345025","paired","Puccinia striiformis f. sp. tritici (wheat stripe rust)","leaf","Grannenlose Zweizeilige",NA,"Infected","https://www.science.org/doi/10.1126/sciadv.abn7283",76.0999999999999,"Biotroph",16025681,"Random PCR","Illumina HiSeq 2500"
"27","SRR5345026","paired","Puccinia striiformis f. sp. tritici (wheat stripe rust)","leaf","Grannenlose Zweizeilige",NA,"Infected","https://www.science.org/doi/10.1126/sciadv.abn7284",75.2,"Biotroph",13868557,"Random PCR","Illumina HiSeq 2500"
"28","SRR5345027","paired","Puccinia striiformis f. sp. tritici (wheat stripe rust)","leaf","Golden Promise",NA,"Infected","https://www.science.org/doi/10.1126/sciadv.abn7285",75.4,"Biotroph",14159813,"Random PCR","Illumina HiSeq 2500"
"29","SRR5345028","paired","Puccinia striiformis f. sp. tritici (wheat stripe rust)","leaf","Golden Promise",NA,"Infected","https://www.science.org/doi/10.1126/sciadv.abn7286",74.8,"Biotroph",15472320,"Random PCR","Illumina HiSeq 2500"
"30","SRR5345029","paired","Puccinia striiformis f. sp. tritici (wheat stripe rust)","leaf","Fong Tien",NA,"Infected","https://www.science.org/doi/10.1126/sciadv.abn7287",74.5,"Biotroph",15068823,"Random PCR","Illumina HiSeq 2500"
"31","SRR5345030","paired","Puccinia striiformis f. sp. tritici (wheat stripe rust)","leaf","Fong Tien",NA,"Infected","https://www.science.org/doi/10.1126/sciadv.abn7288",73.7,"Biotroph",14536723,"Random PCR","Illumina HiSeq 2500"
"32","SRR5345031","paired","Puccinia striiformis f. sp. tritici (wheat stripe rust)","leaf","Finniss",NA,"Infected","https://www.science.org/doi/10.1126/sciadv.abn7289",73.4,"Biotroph",14774398,"Random PCR","Illumina HiSeq 2500"
"33","SRR5345032","paired","Puccinia striiformis f. sp. tritici (wheat stripe rust)","leaf","Finniss",NA,"Infected","https://www.science.org/doi/10.1126/sciadv.abn7290",62.3,"Biotroph",26994994,"Random PCR","Illumina HiSeq 2500"
"34","SRR5345033","paired","Puccinia striiformis f. sp. tritici (wheat stripe rust)","leaf","Emir",NA,"Infected","https://www.science.org/doi/10.1126/sciadv.abn7291",78.5,"Biotroph",33384108,"Random PCR","Illumina HiSeq 2500"
"35","SRR5345034","paired","Puccinia striiformis f. sp. tritici (wheat stripe rust)","leaf","Emir",NA,"Infected","https://www.science.org/doi/10.1126/sciadv.abn7292",76.5999999999999,"Biotroph",29075940,"Random PCR","Illumina HiSeq 2500"
"36","SRR5345035","paired","Puccinia striiformis f. sp. tritici (wheat stripe rust)","leaf","Duplex",NA,"Infected","https://www.science.org/doi/10.1126/sciadv.abn7293",81.5999999999999,"Biotroph",42743050,"Random PCR","Illumina HiSeq 2500"
"37","SRR5345036","paired","Puccinia striiformis f. sp. tritici (wheat stripe rust)","leaf","Duplex",NA,"Infected","https://www.science.org/doi/10.1126/sciadv.abn7294",74.5,"Biotroph",16735927,"Random PCR","Illumina HiSeq 2500"
"38","SRR5345037","paired","Puccinia striiformis f. sp. tritici (wheat stripe rust)","leaf","Commander",NA,"Infected","https://www.science.org/doi/10.1126/sciadv.abn7295",74.2,"Biotroph",16916335,"Random PCR","Illumina HiSeq 2500"
"39","SRR5345008","paired","Puccinia striiformis f. sp. tritici (wheat stripe rust)","leaf","Commander",NA,"Infected","https://www.science.org/doi/10.1126/sciadv.abn7296",79.0999999999999,"Biotroph",13830900,"Random PCR","Illumina HiSeq 2500"
"40","SRR5345011","paired","Puccinia striiformis f. sp. tritici (wheat stripe rust)","leaf","CI 16139",NA,"Infected","https://www.science.org/doi/10.1126/sciadv.abn7297",72.3,"Biotroph",13781635,"Random PCR","Illumina HiSeq 2500"
"41","SRR5345012","paired","Puccinia striiformis f. sp. tritici (wheat stripe rust)","leaf","CI 16139",NA,"Infected","https://www.science.org/doi/10.1126/sciadv.abn7298",77,"Biotroph",16673960,"Random PCR","Illumina HiSeq 2500"
"42","SRR5345013","paired","Puccinia striiformis f. sp. tritici (wheat stripe rust)","leaf","Bowman",NA,"Infected","https://www.science.org/doi/10.1126/sciadv.abn7299",76.8,"Biotroph",16846832,"Random PCR","Illumina HiSeq 2500"
"43","SRR5345014","paired","Puccinia striiformis f. sp. tritici (wheat stripe rust)","leaf","Bowman",NA,"Infected","https://www.science.org/doi/10.1126/sciadv.abn7300",76,"Biotroph",14358267,"Random PCR","Illumina HiSeq 2500"
"44","SRR5345015","paired","Puccinia striiformis f. sp. tritici (wheat stripe rust)","leaf","Betzes",NA,"Infected","https://www.science.org/doi/10.1126/sciadv.abn7301",75.8,"Biotroph",14476986,"Random PCR","Illumina HiSeq 2500"
"45","SRR5345016","paired","Puccinia striiformis f. sp. tritici (wheat stripe rust)","leaf","BCD47",NA,"Infected","https://www.science.org/doi/10.1126/sciadv.abn7302",74.7,"Biotroph",14938159,"Random PCR","Illumina HiSeq 2500"
"46","SRR5345017","paired","Puccinia striiformis f. sp. tritici (wheat stripe rust)","leaf","BCD12",NA,"Infected","https://www.science.org/doi/10.1126/sciadv.abn7303",74.9,"Biotroph",15111481,"Random PCR","Illumina HiSeq 2500"
"47","SRR5345021","paired","Puccinia striiformis f. sp. tritici (wheat stripe rust)","leaf","Baronesse",NA,"Infected","https://www.science.org/doi/10.1126/sciadv.abn7304",75.7,"Biotroph",11385450,"Random PCR","Illumina HiSeq 2500"
"48","SRR5345022","paired","Puccinia striiformis f. sp. tritici (wheat stripe rust)","leaf","Barke",NA,"Infected","https://www.science.org/doi/10.1126/sciadv.abn7305",74.5,"Biotroph",14321376,"Random PCR","Illumina HiSeq 2500"
"49","SRR5345010","paired","Puccinia striiformis f. sp. tritici (wheat stripe rust)","leaf","Barke",NA,"Infected","https://www.science.org/doi/10.1126/sciadv.abn7306",72.5999999999999,"Biotroph",14158535,"Random PCR","Illumina HiSeq 2500"
"50","SRR14607137","paired","Puccinia hordei","leaf","Bowman",NA,"Infected","https://pmc.ncbi.nlm.nih.gov/articles/PMC9061838/#notes3",72.5,"Biotroph",15156283,"Random PCR","Illumina NovaSeq 6000"
"51","SRR14607138","paired","Puccinia hordei","leaf","Bowman",NA,"Control","https://pmc.ncbi.nlm.nih.gov/articles/PMC9061838/#notes4",69.4,"Biotroph",26324888,"Random PCR","Illumina NovaSeq 6000"
"52","SRR14607139","paired","Puccinia hordei","leaf","Bowman",NA,"Control","https://pmc.ncbi.nlm.nih.gov/articles/PMC9061838/#notes5",70.2,"Biotroph",21607564,"Random PCR","Illumina NovaSeq 6000"
"53","SRR14607140","paired","Puccinia hordei","leaf","Bowman",NA,"Control","https://pmc.ncbi.nlm.nih.gov/articles/PMC9061838/#notes6",66.8,"Biotroph",18415125,"Random PCR","Illumina NovaSeq 6000"
"54","SRR14607141","paired","Puccinia hordei","leaf","BW746",NA,"Infected","https://pmc.ncbi.nlm.nih.gov/articles/PMC9061838/#notes7",74.3,"Biotroph",24089325,"Random PCR","Illumina NovaSeq 6000"
"55","SRR14607142","paired","Puccinia hordei","leaf","BW746",NA,"Infected","https://pmc.ncbi.nlm.nih.gov/articles/PMC9061838/#notes8",73.0999999999999,"Biotroph",20168326,"Random PCR","Illumina NovaSeq 6000"
"56","SRR14607143","paired","Puccinia hordei","leaf","BW746",NA,"Infected","https://pmc.ncbi.nlm.nih.gov/articles/PMC9061838/#notes9",74.0999999999999,"Biotroph",22938700,"Random PCR","Illumina NovaSeq 6000"
"57","SRR14607144","paired","Puccinia hordei","leaf","BW746",NA,"Control","https://pmc.ncbi.nlm.nih.gov/articles/PMC9061838/#notes10",68,"Biotroph",16479677,"Random PCR","Illumina NovaSeq 6000"
"58","SRR14607145","paired","Puccinia hordei","leaf","Bowman",NA,"Infected","https://pmc.ncbi.nlm.nih.gov/articles/PMC9061838/#notes11",71.5999999999999,"Biotroph",18792552,"Random PCR","Illumina NovaSeq 6000"
"59","SRR14607146","paired","Puccinia hordei","leaf","Bowman",NA,"Infected","https://pmc.ncbi.nlm.nih.gov/articles/PMC9061838/#notes12",69.0999999999999,"Biotroph",19093922,"Random PCR","Illumina NovaSeq 6000"
"60","SRR14607147","paired","Puccinia hordei","leaf","BW746",NA,"Control","https://pmc.ncbi.nlm.nih.gov/articles/PMC9061838/#notes13",67.4,"Biotroph",16020672,"Random PCR","Illumina NovaSeq 6000"
"61","SRR14607148","paired","Puccinia hordei","leaf","BW746",NA,"Control","https://pmc.ncbi.nlm.nih.gov/articles/PMC9061838/#notes14",67.7,"Biotroph",16408733,"Random PCR","Illumina NovaSeq 6000"
"62","SRR14001691","single","Serendipita vermifera","root","Golden Promise",NA,"Infected","https://pubmed.ncbi.nlm.nih.gov/31074884/",70.8,"Symbiont",109124940,"PolyA","Illumina HiSeq 3000"
"63","SRR14001699","single","Serendipita vermifera","root","Golden Promise",NA,"Control","https://pubmed.ncbi.nlm.nih.gov/31074884/",80.4,"Symbiont",143701035,"PolyA","Illumina HiSeq 3000"
"64","SRR14001689","single","Serendipita vermifera","root","Golden Promise",NA,"Infected","https://pubmed.ncbi.nlm.nih.gov/31074884/",66.7,"Symbiont",126836115,"PolyA","Illumina HiSeq 3000"
"65","SRR14001690","single","Serendipita vermifera","root","Golden Promise",NA,"Infected","https://pubmed.ncbi.nlm.nih.gov/31074884/",70.9,"Symbiont",139346130,"PolyA","Illumina HiSeq 3000"
"66","SRR10960768","paired","AMF","root","Ingrid","17 dpi","Control","https://pubmed.ncbi.nlm.nih.gov/32012282/",81,"Symbiont",46643464,"cDNA","Illumina HiSeq 2500"
"67","SRR10960769","paired","AMF","root","Ingrid","17 dpi","Control","https://pubmed.ncbi.nlm.nih.gov/32012282/",80.5,"Symbiont",46338314,"cDNA","Illumina HiSeq 2500"
"68","SRR10960770","paired","AMF","root","Ingrid","17 dpi","Control","https://pubmed.ncbi.nlm.nih.gov/32012282/",81.2,"Symbiont",50178985,"cDNA","Illumina HiSeq 2500"
"69","SRR10960771","paired","AMF","root","Ingrid","17 dpi","Infected","https://pubmed.ncbi.nlm.nih.gov/32012282/",77.0999999999999,"Symbiont",41427257,"cDNA","Illumina HiSeq 2500"
"70","SRR10960772","paired","AMF","root","Ingrid","17 dpi","Infected","https://pubmed.ncbi.nlm.nih.gov/32012282/",72.9,"Symbiont",37685825,"cDNA","Illumina HiSeq 2500"
"71","SRR10960773","paired","AMF","root","Ingrid","17 dpi","Infected","https://pubmed.ncbi.nlm.nih.gov/32012282/",72.9,"Symbiont",32224814,"cDNA","Illumina HiSeq 2500"
"72","SRR10960780","paired","AMF","root","Ingrid","26 dpi","Control","https://pubmed.ncbi.nlm.nih.gov/32012282/",82.5,"Symbiont",39432839,"cDNA","Illumina HiSeq 2500"
"73","SRR10960781","paired","AMF","root","Ingrid","26 dpi","Control","https://pubmed.ncbi.nlm.nih.gov/32012282/",82.5,"Symbiont",46618344,"cDNA","Illumina HiSeq 2500"
"74","SRR10960782","paired","AMF","root","Ingrid","26 dpi","Control","https://pubmed.ncbi.nlm.nih.gov/32012282/",82.3,"Symbiont",42957352,"cDNA","Illumina HiSeq 2500"
"75","SRR10960783","paired","AMF","root","Ingrid","26 dpi","Infected","https://pubmed.ncbi.nlm.nih.gov/32012282/",73.5999999999999,"Symbiont",40147030,"cDNA","Illumina HiSeq 2500"
"76","SRR10960784","paired","AMF","root","Ingrid","26 dpi","Infected","https://pubmed.ncbi.nlm.nih.gov/32012282/",76.3,"Symbiont",41300926,"cDNA","Illumina HiSeq 2500"
"77","SRR10960785","paired","AMF","root","Ingrid","26 dpi","Infected","https://pubmed.ncbi.nlm.nih.gov/32012282/",71.2,"Symbiont",45224182,"cDNA","Illumina HiSeq 2500"
"78","SRR5819885","single","Blumeria graminis f. sp. Hordei","leaf","m11526","0hpi","Control","https://bsppjournals.onlinelibrary.wiley.com/doi/10.1111/mpp.13463",72.9,"Biotroph",18098036,"cDNA","Illumina HiSeq 2500"
"79","SRR5819886","single","Blumeria graminis f. sp. Hordei","leaf","m11526","0hpi","Control","https://bsppjournals.onlinelibrary.wiley.com/doi/10.1111/mpp.13464",70.7,"Biotroph",14825680,"cDNA","Illumina HiSeq 2500"
"80","SRR5819887","single","Blumeria graminis f. sp. Hordei","leaf","m11526","0hpi","Control","https://bsppjournals.onlinelibrary.wiley.com/doi/10.1111/mpp.13465",73.5,"Biotroph",22389230,"cDNA","Illumina HiSeq 2500"
"81","SRR5819888","single","Blumeria graminis f. sp. Hordei","leaf","m11526","16hpi","Infected","https://bsppjournals.onlinelibrary.wiley.com/doi/10.1111/mpp.13466",76.7,"Biotroph",18583708,"cDNA","Illumina HiSeq 2500"
"82","SRR5819889","single","Blumeria graminis f. sp. Hordei","leaf","m11526","16hpi","Infected","https://bsppjournals.onlinelibrary.wiley.com/doi/10.1111/mpp.13467",76.5999999999999,"Biotroph",26155836,"cDNA","Illumina HiSeq 2500"
"83","SRR5819890","single","Blumeria graminis f. sp. Hordei","leaf","m11526","16hpi","Infected","https://bsppjournals.onlinelibrary.wiley.com/doi/10.1111/mpp.13468",73.3,"Biotroph",20680125,"cDNA","Illumina HiSeq 2500"
"84","SRR5819891","single","Blumeria graminis f. sp. Hordei","leaf","m11526","20hpi","Infected","https://bsppjournals.onlinelibrary.wiley.com/doi/10.1111/mpp.13469",75.5,"Biotroph",30062932,"cDNA","Illumina HiSeq 2500"
"85","SRR5819892","single","Blumeria graminis f. sp. Hordei","leaf","m11526","20hpi","Infected","https://bsppjournals.onlinelibrary.wiley.com/doi/10.1111/mpp.13470",75.3,"Biotroph",23838793,"cDNA","Illumina HiSeq 2500"
"86","SRR5819893","single","Blumeria graminis f. sp. Hordei","leaf","m11526","20hpi","Infected","https://bsppjournals.onlinelibrary.wiley.com/doi/10.1111/mpp.13471",75.2,"Biotroph",24948839,"cDNA","Illumina HiSeq 2500"
"87","SRR5819894","single","Blumeria graminis f. sp. Hordei","leaf","m11526","24hpi","Infected","https://bsppjournals.onlinelibrary.wiley.com/doi/10.1111/mpp.13472",76.9,"Biotroph",21924148,"cDNA","Illumina HiSeq 2500"
"88","SRR5819895","single","Blumeria graminis f. sp. Hordei","leaf","m11526","24hpi","Infected","https://bsppjournals.onlinelibrary.wiley.com/doi/10.1111/mpp.13473",75,"Biotroph",28156975,"cDNA","Illumina HiSeq 2500"
"89","SRR5819896","single","Blumeria graminis f. sp. Hordei","leaf","m11526","24hpi","Infected","https://bsppjournals.onlinelibrary.wiley.com/doi/10.1111/mpp.13474",74.7,"Biotroph",25548018,"cDNA","Illumina HiSeq 2500"
"90","SRR5819897","single","Blumeria graminis f. sp. Hordei","leaf","m11526","32hpi","Infected","https://bsppjournals.onlinelibrary.wiley.com/doi/10.1111/mpp.13475",77.0999999999999,"Biotroph",24657739,"cDNA","Illumina HiSeq 2500"
"91","SRR5819898","single","Blumeria graminis f. sp. Hordei","leaf","m11526","32hpi","Infected","https://bsppjournals.onlinelibrary.wiley.com/doi/10.1111/mpp.13476",75,"Biotroph",23391358,"cDNA","Illumina HiSeq 2500"
"92","SRR19091561","paired","Blumeria graminis f. sp. Hordei K1","leaf","BarleyX","24hpi","Infected","https://mobilednajournal.biomedcentral.com/articles/10.1186/s13100-023-00305-6",60.8,"Biotroph",31936735,"Random PCR","Illumina NovaSeq 6000"
"93","SRR19091562","paired","Blumeria graminis f. sp. Hordei K1","leaf","BarleyX","18hpi","Infected","https://mobilednajournal.biomedcentral.com/articles/10.1186/s13100-023-00305-7",61.2,"Biotroph",22812831,"Random PCR","Illumina NovaSeq 6000"
"94","SRR19091563","paired","Blumeria graminis f. sp. Hordei K1","leaf","BarleyX","6hpi","Infected","https://mobilednajournal.biomedcentral.com/articles/10.1186/s13100-023-00305-8",59.3,"Biotroph",21744309,"Random PCR","Illumina NovaSeq 6000"
"95","SRR19091564","paired","Blumeria graminis f. sp. Hordei K1","leaf","BarleyX","0hpi","Control","https://mobilednajournal.biomedcentral.com/articles/10.1186/s13100-023-00305-9",63.4,"Biotroph",28150105,"Random PCR","Illumina NovaSeq 6000"
"96","SRR19091565","paired","Blumeria graminis f. sp. Hordei K1","leaf","BarleyX","120hpi","Infected","https://mobilednajournal.biomedcentral.com/articles/10.1186/s13100-023-00305-10",45.9,"Biotroph",17369408,"Random PCR","Illumina NovaSeq 6000"
"97","SRR19091566","paired","Blumeria graminis f. sp. Hordei K1","leaf","BarleyX","72hpi","Infected","https://mobilednajournal.biomedcentral.com/articles/10.1186/s13100-023-00305-11",56.6,"Biotroph",25920621,"Random PCR","Illumina NovaSeq 6000"
"98","SRR19091567","paired","Blumeria graminis f. sp. Hordei K1","leaf","BarleyX","24hpi","Infected","https://mobilednajournal.biomedcentral.com/articles/10.1186/s13100-023-00305-12",63.6,"Biotroph",25223844,"Random PCR","Illumina NovaSeq 6000"
"99","SRR19091568","paired","Blumeria graminis f. sp. Hordei K1","leaf","BarleyX","18hpi","Infected","https://mobilednajournal.biomedcentral.com/articles/10.1186/s13100-023-00305-13",63.6,"Biotroph",22972576,"Random PCR","Illumina NovaSeq 6000"
"100","SRR19091569","paired","Blumeria graminis f. sp. Hordei K1","leaf","BarleyX","120 hpi","Infected","https://mobilednajournal.biomedcentral.com/articles/10.1186/s13100-023-00305-14",49.8,"Biotroph",18208829,"Random PCR","Illumina NovaSeq 6000"
"101","SRR19091570","paired","Blumeria graminis f. sp. Hordei K1","leaf","BarleyX","72hpi","Infected","https://mobilednajournal.biomedcentral.com/articles/10.1186/s13100-023-00305-15",53.2,"Biotroph",24008060,"Random PCR","Illumina NovaSeq 6000"
"102","SRR19091571","paired","Blumeria graminis f. sp. Hordei K1","leaf","BarleyX","24hpi","Infected","https://mobilednajournal.biomedcentral.com/articles/10.1186/s13100-023-00305-16",61.4,"Biotroph",24030046,"Random PCR","Illumina NovaSeq 6000"
"103","SRR19091572","paired","Blumeria graminis f. sp. Hordei K1","leaf","BarleyX","18hpi","Infected","https://mobilednajournal.biomedcentral.com/articles/10.1186/s13100-023-00305-17",63.3,"Biotroph",30184615,"Random PCR","Illumina NovaSeq 6000"
"104","SRR19091573","paired","Blumeria graminis f. sp. Hordei K1","leaf","BarleyX","6hpi","Infected","https://mobilednajournal.biomedcentral.com/articles/10.1186/s13100-023-00305-18",60.3,"Biotroph",31563312,"Random PCR","Illumina NovaSeq 6000"
"105","SRR19091574","paired","Blumeria graminis f. sp. Hordei K1","leaf","BarleyX","0hpi","Control","https://mobilednajournal.biomedcentral.com/articles/10.1186/s13100-023-00305-19",62.8,"Biotroph",27955080,"Random PCR","Illumina NovaSeq 6000"
"106","SRR19091575","paired","Blumeria graminis f. sp. Hordei K1","leaf","BarleyX","120hpi","Infected","https://mobilednajournal.biomedcentral.com/articles/10.1186/s13100-023-00305-20",44.8,"Biotroph",19555001,"Random PCR","Illumina NovaSeq 6000"
"107","SRR19091576","paired","Blumeria graminis f. sp. Hordei K1","leaf","BarleyX","72hpi","Infected","https://mobilednajournal.biomedcentral.com/articles/10.1186/s13100-023-00305-21",55,"Biotroph",19774789,"Random PCR","Illumina NovaSeq 6000"
"108","SRR19091577","paired","Blumeria graminis f. sp. Hordei K1","leaf","BarleyX","6hpi","Infected","https://mobilednajournal.biomedcentral.com/articles/10.1186/s13100-023-00305-22",61.7,"Biotroph",26648537,"Random PCR","Illumina NovaSeq 6000"
"109","SRR19091578","paired","Blumeria graminis f. sp. Hordei K1","leaf","BarleyX","0hpi","Control","https://mobilednajournal.biomedcentral.com/articles/10.1186/s13100-023-00305-23",63.4,"Biotroph",24213469,"Random PCR","Illumina NovaSeq 6000"
"110","SRR3657665","single","Blumeria graminis f. sp. Hordei K1","leaf","Pallas","16hpi","Infected","https://www.pnas.org/doi/full/10.1073/pnas.1612947113#data-availability",77.8,"Biotroph",13913179,"cDNA","Illumina HiSeq 2500"
"111","SRR3657666","single","Blumeria graminis f. sp. Hordei K1","leaf","Pallas","16hpi","Infected","https://www.pnas.org/doi/full/10.1073/pnas.1612947113#data-availability",80.0999999999999,"Biotroph",12674197,"cDNA","Illumina HiSeq 2500"
"112","SRR3657667","single","Blumeria graminis f. sp. Hordei K1","leaf","Pallas","16hpi","Infected","https://www.pnas.org/doi/full/10.1073/pnas.1612947113#data-availability",80.0999999999999,"Biotroph",2929698,"cDNA","Illumina HiSeq 2500"
"113","SRR3657668","single","Blumeria graminis f. sp. Hordei K1","leaf","Pallas","16hpi","Infected","https://www.pnas.org/doi/full/10.1073/pnas.1612947113#data-availability",61.9,"Biotroph",16435578,"cDNA","Illumina HiSeq 2500"
"114","SRR3657669","single","Blumeria graminis f. sp. Hordei K1","leaf","Pallas","16hpi","Infected","https://www.pnas.org/doi/full/10.1073/pnas.1612947113#data-availability",61.7,"Biotroph",15856012,"cDNA","Illumina HiSeq 2500"
"115","SRR3657670","single","Blumeria graminis f. sp. Hordei K1","leaf","Pallas","48hpi","Infected","https://www.pnas.org/doi/full/10.1073/pnas.1612947113#data-availability",63.9,"Biotroph",10510319,"cDNA","Illumina HiSeq 2500"
"116","SRR3657671","single","Blumeria graminis f. sp. Hordei K1","leaf","Pallas","48hpi","Infected","https://www.pnas.org/doi/full/10.1073/pnas.1612947113#data-availability",77.4,"Biotroph",11454412,"cDNA","Illumina HiSeq 2500"
"117","SRR3657672","single","Blumeria graminis f. sp. Hordei K1","leaf","Pallas","48hpi","Infected","https://www.pnas.org/doi/full/10.1073/pnas.1612947113#data-availability",77.2,"Biotroph",3679945,"cDNA","Illumina HiSeq 2500"
"118","SRR3657673","single","Blumeria graminis f. sp. Hordei K1","leaf","Pallas","48hpi","Infected","https://www.pnas.org/doi/full/10.1073/pnas.1612947113#data-availability",56.5,"Biotroph",14666095,"cDNA","Illumina HiSeq 2500"
"119","SRR3657674","single","Blumeria graminis f. sp. Hordei K1","leaf","Pallas","48hpi","Infected","https://www.pnas.org/doi/full/10.1073/pnas.1612947113#data-availability",64.4,"Biotroph",12207122,"cDNA","Illumina HiSeq 2500"
"120","SRR3657675","paired","Blumeria graminis f. sp. Hordei","leaf","Pallas","16hpi","Infected","https://www.pnas.org/doi/full/10.1073/pnas.1612947113#data-availability",80.5,"Biotroph",22162069,"cDNA","Illumina HiSeq 2500"
"121","SRR3657676","paired","Blumeria graminis f. sp. Hordei","leaf","Pallas","16hpi","Infected","https://www.pnas.org/doi/full/10.1073/pnas.1612947113#data-availability",79.9,"Biotroph",6458007,"cDNA","Illumina HiSeq 2500"
"122","SRR3657677","paired","Blumeria graminis f. sp. Hordei","leaf","Pallas","48hpi","Infected","https://www.pnas.org/doi/full/10.1073/pnas.1612947113#data-availability",80.9,"Biotroph",37469151,"cDNA","Illumina HiSeq 2500"
"123","SRR3657678","paired","Blumeria graminis f. sp. Hordei","leaf","Pallas","16hpi","Infected","https://www.pnas.org/doi/full/10.1073/pnas.1612947113#data-availability",81.5,"Biotroph",37721257,"cDNA","Illumina HiSeq 2500"
"124","SRR3657679","paired","Blumeria graminis f. sp. Hordei","leaf","Pallas","48hpi","Infected","https://www.pnas.org/doi/full/10.1073/pnas.1612947113#data-availability",78.5999999999999,"Biotroph",36049745,"cDNA","Illumina HiSeq 2500"
"125","SRR3657680","paired","Blumeria graminis f. sp. Hordei","leaf","Pallas","16hpi","Infected","https://www.pnas.org/doi/full/10.1073/pnas.1612947113#data-availability",75,"Biotroph",33427228,"cDNA","Illumina HiSeq 2500"
"126","SRR3657681","paired","Blumeria graminis f. sp. Hordei","leaf","Pallas","48hpi","Infected","https://www.pnas.org/doi/full/10.1073/pnas.1612947113#data-availability",79.4,"Biotroph",36045296,"cDNA","Illumina HiSeq 2500"
"127","SRR3657682","paired","Blumeria graminis f. sp. Hordei","leaf","Pallas","16hpi","Infected","https://www.pnas.org/doi/full/10.1073/pnas.1612947113#data-availability",77.4,"Biotroph",37487222,"cDNA","Illumina HiSeq 2500"
"128","SRR3657683","paired","Blumeria graminis f. sp. Hordei","leaf","Pallas","48hpi","Infected","https://www.pnas.org/doi/full/10.1073/pnas.1612947113#data-availability",75.5,"Biotroph",34771439,"cDNA","Illumina HiSeq 2500"
"129","SRR3657684","paired","Blumeria graminis f. sp. Hordei","leaf","Pallas","16hpi","Infected","https://www.pnas.org/doi/full/10.1073/pnas.1612947113#data-availability",81,"Biotroph",38961280,"cDNA","Illumina HiSeq 2500"
"130","SRR3657685","paired","Blumeria graminis f. sp. Hordei","leaf","Pallas","48hpi","Infected","https://www.pnas.org/doi/full/10.1073/pnas.1612947113#data-availability",82.2,"Biotroph",36864197,"cDNA","Illumina HiSeq 2500"
"131","SRR3657686","paired","Blumeria graminis f. sp. Hordei","leaf","Pallas","16hpi","Infected","https://www.pnas.org/doi/full/10.1073/pnas.1612947113#data-availability",77.4,"Biotroph",33999787,"cDNA","Illumina HiSeq 2500"
"132","SRR3657687","paired","Blumeria graminis f. sp. Hordei","leaf","Pallas","48hpi","Infected","https://www.pnas.org/doi/full/10.1073/pnas.1612947113#data-availability",79.5999999999999,"Biotroph",34151165,"cDNA","Illumina HiSeq 2500"
"133","SRR3657688","paired","Blumeria graminis f. sp. Hordei","leaf","Pallas","16hpi","Infected","https://www.pnas.org/doi/full/10.1073/pnas.1612947113#data-availability",81.5,"Biotroph",36980587,"cDNA","Illumina HiSeq 2500"
"134","SRR3657689","paired","Blumeria graminis f. sp. Hordei","leaf","Pallas","48hpi","Infected","https://www.pnas.org/doi/full/10.1073/pnas.1612947113#data-availability",83.5,"Biotroph",41327132,"cDNA","Illumina HiSeq 2500"
"135","SRR3657690","paired","Blumeria graminis f. sp. Hordei","leaf","Pallas","16hpi","Infected","https://www.pnas.org/doi/full/10.1073/pnas.1612947113#data-availability",81,"Biotroph",34698216,"cDNA","Illumina HiSeq 2500"
"136","SRR3657691","paired","Blumeria graminis f. sp. Hordei","leaf","Pallas","48hpi","Infected","https://www.pnas.org/doi/full/10.1073/pnas.1612947113#data-availability",82.9,"Biotroph",41265019,"cDNA","Illumina HiSeq 2500"
"137","SRR3657692","paired","Blumeria graminis f. sp. Hordei","leaf","Pallas","16hpi","Infected","https://www.pnas.org/doi/full/10.1073/pnas.1612947113#data-availability",79.5,"Biotroph",35698201,"cDNA","Illumina HiSeq 2500"
"138","SRR3657694","paired","Blumeria graminis f. sp. Hordei","leaf","Pallas","16hpi","Infected","https://www.pnas.org/doi/full/10.1073/pnas.1612947113#data-availability",39.7999999999999,"Biotroph",2180403,"cDNA","Illumina HiSeq 2500"
"139","SRR3657695","paired","Blumeria graminis f. sp. Hordei","leaf","Pallas","16hpi","Infected","https://www.pnas.org/doi/full/10.1073/pnas.1612947113#data-availability",40.2,"Biotroph",2866656,"cDNA","Illumina HiSeq 2500"
"140","SRR3657696","paired","Blumeria graminis f. sp. Hordei","leaf","Pallas","48hpi","Infected","https://www.pnas.org/doi/full/10.1073/pnas.1612947113#data-availability",68.2,"Biotroph",5368309,"cDNA","Illumina HiSeq 2500"
"141","SRR3657697","paired","Blumeria graminis f. sp. Hordei","leaf","Pallas","48hpi","Infected","https://www.pnas.org/doi/full/10.1073/pnas.1612947113#data-availability",67.9,"Biotroph",1339175,"cDNA","Illumina HiSeq 2500"
"142","SRR3657698","paired","Blumeria graminis f. sp. Hordei","leaf","Pallas","16hpi","Infected","https://www.pnas.org/doi/full/10.1073/pnas.1612947113#data-availability",64.5999999999999,"Biotroph",5955648,"cDNA","Illumina HiSeq 2500"
"143","SRR3657699","paired","Blumeria graminis f. sp. Hordei","leaf","Pallas","16hpi","Infected","https://www.pnas.org/doi/full/10.1073/pnas.1612947113#data-availability",61.6,"Biotroph",1634973,"cDNA","Illumina HiSeq 2500"
"144","SRR3657700","paired","Blumeria graminis f. sp. Hordei","leaf","Pallas","48hpi","Infected","https://www.pnas.org/doi/full/10.1073/pnas.1612947113#data-availability",62.3,"Biotroph",4116463,"cDNA","Illumina HiSeq 2500"
"145","SRR3657701","paired","Blumeria graminis f. sp. Hordei","leaf","Pallas","16hpi","Infected","https://www.pnas.org/doi/full/10.1073/pnas.1612947113#data-availability",55.6,"Biotroph",5164571,"cDNA","Illumina HiSeq 2500"
"146","SRR3657702","paired","Blumeria graminis f. sp. Hordei","leaf","Pallas","48hpi","Infected","https://www.pnas.org/doi/full/10.1073/pnas.1612947113#data-availability",67.5999999999999,"Biotroph",6304135,"cDNA","Illumina HiSeq 2500"
"147","SRR3657703","paired","Blumeria graminis f. sp. Hordei","leaf","Pallas","16hpi","Infected","https://www.pnas.org/doi/full/10.1073/pnas.1612947113#data-availability",63.4,"Biotroph",7034273,"cDNA","Illumina HiSeq 2500"
"148","SRR3657704","paired","Blumeria graminis f. sp. Hordei","leaf","Pallas","48hpi","Infected","https://www.pnas.org/doi/full/10.1073/pnas.1612947113#data-availability",45.4,"Biotroph",4182830,"cDNA","Illumina HiSeq 2500"
"149","SRR3657705","paired","Blumeria graminis f. sp. Hordei","leaf","Pallas","16hpi","Infected","https://www.pnas.org/doi/full/10.1073/pnas.1612947113#data-availability",41.8,"Biotroph",4102094,"cDNA","Illumina HiSeq 2500"
"150","SRR3657706","paired","Blumeria graminis f. sp. Hordei","leaf","Pallas","48hpi","Infected","https://www.pnas.org/doi/full/10.1073/pnas.1612947113#data-availability",42,"Biotroph",4213994,"cDNA","Illumina HiSeq 2500"
"151","SRR3657707","paired","Blumeria graminis f. sp. Hordei","leaf","Pallas","16hpi","Infected","https://www.pnas.org/doi/full/10.1073/pnas.1612947113#data-availability",56.2,"Biotroph",5814430,"cDNA","Illumina HiSeq 2500"
"152","SRR3657708","paired","Blumeria graminis f. sp. Hordei","leaf","Pallas","48hpi","Infected","https://www.pnas.org/doi/full/10.1073/pnas.1612947113#data-availability",36,"Biotroph",3828602,"cDNA","Illumina HiSeq 2500"
"153","SRR8984104","single","Puccinia graminis f. sp. Tritici","leaf","Harrington",NA,"Infected","https://bmcgenomics.biomedcentral.com/articles/10.1186/1471-2164-13-694#Sec12",36,"Biotroph",15004218,"cDNA","NextSeq 500"
"154","SRR8984105","single","Puccinia graminis f. sp. Tritici","leaf","Harrington",NA,"Infected","https://bmcgenomics.biomedcentral.com/articles/10.1186/1471-2164-13-694#Sec12",32.2,"Biotroph",10593625,"cDNA","NextSeq 500"
"155","SRR8984106","single","Puccinia graminis f. sp. Tritici","leaf","Harrington",NA,"Infected","https://bmcgenomics.biomedcentral.com/articles/10.1186/1471-2164-13-694#Sec12",37.2999999999999,"Biotroph",14492985,"cDNA","NextSeq 500"
"156","SRR8984107","single","Puccinia graminis f. sp. Tritici","leaf","Harrington",NA,"Infected","https://bmcgenomics.biomedcentral.com/articles/10.1186/1471-2164-13-694#Sec12",74.5999999999999,"Biotroph",24951521,"cDNA","NextSeq 500"
"157","SRR8984108","single","Puccinia graminis f. sp. Tritici","leaf","Harrington",NA,"Infected","https://bmcgenomics.biomedcentral.com/articles/10.1186/1471-2164-13-694#Sec12",39.6,"Biotroph",13584439,"cDNA","NextSeq 500"
"158","SRR8984109","single","Puccinia graminis f. sp. Tritici","leaf","Harrington",NA,"Infected","https://bmcgenomics.biomedcentral.com/articles/10.1186/1471-2164-13-694#Sec12",35.5,"Biotroph",14501577,"cDNA","NextSeq 500"
"159","SRR8984110","single","Puccinia graminis f. sp. Tritici","leaf","Harrington",NA,"Infected","https://bmcgenomics.biomedcentral.com/articles/10.1186/1471-2164-13-694#Sec12",33.4,"Biotroph",18286705,"cDNA","NextSeq 500"
"160","SRR8984111","single","Puccinia graminis f. sp. Tritici","leaf","Harrington",NA,"Infected","https://bmcgenomics.biomedcentral.com/articles/10.1186/1471-2164-13-694#Sec12",37.6,"Biotroph",29643062,"cDNA","NextSeq 500"
"161","SRR8984112","single","Puccinia graminis f. sp. Tritici","leaf","Harrington",NA,"Infected","https://bmcgenomics.biomedcentral.com/articles/10.1186/1471-2164-13-694#Sec12",24.8,"Biotroph",10178979,"cDNA","NextSeq 500"
"162","SRR8984113","single","Puccinia graminis f. sp. Tritici","leaf","Harrington",NA,"Infected","https://bmcgenomics.biomedcentral.com/articles/10.1186/1471-2164-13-694#Sec12",41.6,"Biotroph",16010881,"cDNA","NextSeq 500"
"163","SRR8984114","single","Puccinia graminis f. sp. Tritici","leaf","Harrington",NA,"Infected","https://bmcgenomics.biomedcentral.com/articles/10.1186/1471-2164-13-694#Sec12",62.8,"Biotroph",25207919,"cDNA","NextSeq 500"
"164","SRR8984115","single","Puccinia graminis f. sp. Tritici","leaf","Harrington",NA,"Infected","https://bmcgenomics.biomedcentral.com/articles/10.1186/1471-2164-13-694#Sec12",28.2,"Biotroph",21963379,"cDNA","NextSeq 500"
"165","SRR8984116","single","Puccinia graminis f. sp. Tritici","leaf","Harrington",NA,"Infected","https://bmcgenomics.biomedcentral.com/articles/10.1186/1471-2164-13-694#Sec12",36,"Biotroph",12980697,"cDNA","NextSeq 500"
"166","SRR8984117","single","Puccinia graminis f. sp. Tritici","leaf","Harrington",NA,"Infected","https://bmcgenomics.biomedcentral.com/articles/10.1186/1471-2164-13-694#Sec12",27.7,"Biotroph",20758266,"cDNA","NextSeq 500"
"167","SRR8984118","single","Puccinia graminis f. sp. Tritici","leaf","Harrington",NA,"Infected","https://bmcgenomics.biomedcentral.com/articles/10.1186/1471-2164-13-694#Sec12",32.9,"Biotroph",17101526,"cDNA","NextSeq 500"
"168","SRR8984119","single","Puccinia graminis f. sp. Tritici","leaf","Harrington",NA,"Infected","https://bmcgenomics.biomedcentral.com/articles/10.1186/1471-2164-13-694#Sec12",49.7,"Biotroph",19980510,"cDNA","NextSeq 500"
"169","SRR8984120","single","Puccinia graminis f. sp. Tritici","leaf","Harrington",NA,"Infected","https://bmcgenomics.biomedcentral.com/articles/10.1186/1471-2164-13-694#Sec12",64.9,"Biotroph",24618142,"cDNA","NextSeq 500"
"170","SRR8984121","single","Puccinia graminis f. sp. Tritici","leaf","Harrington",NA,"Infected","https://bmcgenomics.biomedcentral.com/articles/10.1186/1471-2164-13-694#Sec12",25.9,"Biotroph",6981941,"cDNA","NextSeq 500"
"171","SRR8984122","single","Puccinia graminis f. sp. Tritici","leaf","Harrington",NA,"Infected","https://bmcgenomics.biomedcentral.com/articles/10.1186/1471-2164-13-694#Sec12",22.4,"Biotroph",10871361,"cDNA","NextSeq 500"
"172","SRR8984123","single","Puccinia graminis f. sp. Tritici","leaf","Harrington",NA,"Infected","https://bmcgenomics.biomedcentral.com/articles/10.1186/1471-2164-13-694#Sec12",42.1,"Biotroph",13664295,"cDNA","NextSeq 500"
"173","SRR8984124","single","Puccinia graminis f. sp. Tritici","leaf","Harrington",NA,"Infected","https://bmcgenomics.biomedcentral.com/articles/10.1186/1471-2164-13-694#Sec12",43.1,"Biotroph",19227609,"cDNA","NextSeq 500"
"174","SRR8984125","single","Puccinia graminis f. sp. Tritici","leaf","Harrington",NA,"Infected","https://bmcgenomics.biomedcentral.com/articles/10.1186/1471-2164-13-694#Sec12",28,"Biotroph",10727557,"cDNA","NextSeq 500"
"175","SRR8984126","single","Puccinia graminis f. sp. Tritici","leaf","Harrington",NA,"Infected","https://bmcgenomics.biomedcentral.com/articles/10.1186/1471-2164-13-694#Sec12",19.3999999999999,"Biotroph",7014454,"cDNA","NextSeq 500"
"176","SRR8984127","single","Puccinia graminis f. sp. Tritici","leaf","Harrington",NA,"Infected","https://bmcgenomics.biomedcentral.com/articles/10.1186/1471-2164-13-694#Sec12",55.8,"Biotroph",21701822,"cDNA","NextSeq 500"
"177","SRR8984128","single","Puccinia graminis f. sp. Tritici","leaf","Harrington",NA,"Control","https://bmcgenomics.biomedcentral.com/articles/10.1186/1471-2164-13-694#Sec12",76.3,"Biotroph",30497280,"cDNA","NextSeq 500"
"178","SRR8984129","single","Puccinia graminis f. sp. Tritici","leaf","Harrington",NA,"Control","https://bmcgenomics.biomedcentral.com/articles/10.1186/1471-2164-13-694#Sec12",76.5999999999999,"Biotroph",34972713,"cDNA","NextSeq 500"
"179","SRR8984130","single","Puccinia graminis f. sp. Tritici","leaf","Harrington",NA,"Control","https://bmcgenomics.biomedcentral.com/articles/10.1186/1471-2164-13-694#Sec12",76.3,"Biotroph",33123884,"cDNA","NextSeq 500"
"180","SRR23602658","paired","barley mild mosaic virus (BaMMV)","leaf","DAN 2",NA,"Control","https://bmcgenomics.biomedcentral.com/articles/10.1186/1471-2164-13-694",73.5,"Biotroph",19933975,"cDNA","Illumina NovaSeq 6000"
"181","SRR23602659","paired","barley mild mosaic virus (BaMMV)","leaf","DAN 2",NA,"Control","https://bmcgenomics.biomedcentral.com/articles/10.1186/1471-2164-13-694",73.8,"Biotroph",19879426,"cDNA","Illumina NovaSeq 6000"
"182","SRR23602660","paired","barley mild mosaic virus (BaMMV)","leaf","DAN 2",NA,"Control","https://bmcgenomics.biomedcentral.com/articles/10.1186/1471-2164-13-694",71.4,"Biotroph",17505962,"cDNA","Illumina NovaSeq 6000"
"183","SRR23602661","paired","barley mild mosaic virus (BaMMV)","leaf","DAN 2",NA,"Infected","https://bmcgenomics.biomedcentral.com/articles/10.1186/1471-2164-13-694",74.2,"Biotroph",21411302,"cDNA","Illumina NovaSeq 6000"
"184","SRR23602662","paired","barley mild mosaic virus (BaMMV)","leaf","DAN 2",NA,"Infected","https://bmcgenomics.biomedcentral.com/articles/10.1186/1471-2164-13-694",79.8,"Biotroph",18810868,"cDNA","Illumina NovaSeq 6000"
"185","SRR23602663","paired","barley mild mosaic virus (BaMMV)","leaf","DAN 2",NA,"Infected","https://bmcgenomics.biomedcentral.com/articles/10.1186/1471-2164-13-694",74.2,"Biotroph",18499002,"cDNA","Illumina NovaSeq 6000"
"186","ERR4704277","paired","drought","leaf","Baronesse",NA,"Infected","https://pmc.ncbi.nlm.nih.gov/articles/PMC7786106/#s2",73.2,"Drought",16578765,"RT-PCR","Illumina NovaSeq 6000"
"187","ERR4704278","paired","drought","leaf","Baronesse",NA,"Infected","https://pmc.ncbi.nlm.nih.gov/articles/PMC7786106/#s3",77.5999999999999,"Drought",19293284,"RT-PCR","Illumina NovaSeq 6000"
"188","ERR4704279","paired","drought","leaf","Baronesse",NA,"Infected","https://pmc.ncbi.nlm.nih.gov/articles/PMC7786106/#s4",74.8,"Drought",18633086,"RT-PCR","Illumina NovaSeq 6000"
"189","ERR4704280","paired","drought","leaf","Baronesse",NA,"Control","https://pmc.ncbi.nlm.nih.gov/articles/PMC7786106/#s5",74.3,"Drought",18040294,"RT-PCR","Illumina NovaSeq 6000"
"190","ERR4704281","paired","drought","leaf","Baronesse",NA,"Control","https://pmc.ncbi.nlm.nih.gov/articles/PMC7786106/#s6",71.5999999999999,"Drought",18221909,"RT-PCR","Illumina NovaSeq 6000"
"191","ERR4704282","paired","drought","leaf","Baronesse",NA,"Control","https://pmc.ncbi.nlm.nih.gov/articles/PMC7786106/#s7",71.4,"Drought",18329753,"RT-PCR","Illumina NovaSeq 6000"
"192","ERR4704283","paired","drought","leaf","Otis",NA,"Infected","https://pmc.ncbi.nlm.nih.gov/articles/PMC7786106/#s8",78.7,"Drought",18962922,"RT-PCR","Illumina NovaSeq 6000"
"193","ERR4704284","paired","drought","leaf","Otis",NA,"Infected","https://pmc.ncbi.nlm.nih.gov/articles/PMC7786106/#s9",81.7,"Drought",19102216,"RT-PCR","Illumina NovaSeq 6000"
"194","ERR4704285","paired","drought","leaf","Otis",NA,"Infected","https://pmc.ncbi.nlm.nih.gov/articles/PMC7786106/#s10",77.9,"Drought",19812200,"RT-PCR","Illumina NovaSeq 6000"
"195","ERR4704286","paired","drought","leaf","Otis",NA,"Control","https://pmc.ncbi.nlm.nih.gov/articles/PMC7786106/#s11",71.8,"Drought",18148147,"RT-PCR","Illumina NovaSeq 6000"
"196","ERR4704287","paired","drought","leaf","Otis",NA,"Control","https://pmc.ncbi.nlm.nih.gov/articles/PMC7786106/#s12",66.5999999999999,"Drought",15542592,"RT-PCR","Illumina NovaSeq 6000"
"197","ERR4704288","paired","drought","leaf","Otis",NA,"Control","https://pmc.ncbi.nlm.nih.gov/articles/PMC7786106/#s13",76.5,"Drought",18636761,"RT-PCR","Illumina NovaSeq 6000"
"198","SRR13222006","single","Pyrenophora teres f. teres","leaf","CIho 5791",NA,"Infected","https://pmc.ncbi.nlm.nih.gov/articles/PMC7844392/#S5",77.7,"Necrotroph",39975362,"Random","NextSeq 500"
"199","SRR13222007","single","Pyrenophora teres f. teres","leaf","CIho 5792",NA,"Infected","https://pmc.ncbi.nlm.nih.gov/articles/PMC7844392/#S6",81.4,"Necrotroph",36765826,"Random","NextSeq 500"
"200","SRR13222008","single","Pyrenophora teres f. teres","leaf","CIho 5793",NA,"Infected","https://pmc.ncbi.nlm.nih.gov/articles/PMC7844392/#S7",80.2,"Necrotroph",28053493,"Random","NextSeq 500"
"201","SRR13222009","single","Pyrenophora teres f. teres","leaf","CIho 5794",NA,"Infected","https://pmc.ncbi.nlm.nih.gov/articles/PMC7844392/#S8",81.2,"Necrotroph",35851730,"Random","NextSeq 500"
"202","SRR13222010","single","Pyrenophora teres f. teres","leaf","CIho 5795",NA,"Infected","https://pmc.ncbi.nlm.nih.gov/articles/PMC7844392/#S9",80.8,"Necrotroph",31064687,"Random","NextSeq 500"
"203","SRR13222011","single","Pyrenophora teres f. teres","leaf","CIho 5796",NA,"Infected","https://pmc.ncbi.nlm.nih.gov/articles/PMC7844392/#S10",80.4,"Necrotroph",30745851,"Random","NextSeq 500"
"204","SRR13222012","single","Pyrenophora teres f. teres","leaf","CIho 5797",NA,"Infected","https://pmc.ncbi.nlm.nih.gov/articles/PMC7844392/#S11",81.5,"Necrotroph",28883499,"Random","NextSeq 500"
"205","SRR13222013","single","Pyrenophora teres f. teres","leaf","CIho 5798",NA,"Control","https://pmc.ncbi.nlm.nih.gov/articles/PMC7844392/#S12",76.8,"Necrotroph",31402773,"Random","NextSeq 500"
"206","SRR13222014","single","Pyrenophora teres f. teres","leaf","CIho 5799",NA,"Infected","https://pmc.ncbi.nlm.nih.gov/articles/PMC7844392/#S13",77,"Necrotroph",34411129,"Random","NextSeq 500"
"207","SRR13222015","single","Pyrenophora teres f. teres","leaf","CIho 5800",NA,"Infected","https://pmc.ncbi.nlm.nih.gov/articles/PMC7844392/#S14",77.8,"Necrotroph",28663252,"Random","NextSeq 500"
"208","SRR13222016","single","Pyrenophora teres f. teres","leaf","CIho 5801",NA,"Control","https://pmc.ncbi.nlm.nih.gov/articles/PMC7844392/#S15",76.5999999999999,"Necrotroph",30819830,"Random","NextSeq 500"
"209","SRR13222017","single","Pyrenophora teres f. teres","leaf","CIho 5802",NA,"Control","https://pmc.ncbi.nlm.nih.gov/articles/PMC7844392/#S16",74,"Necrotroph",26548019,"Random","NextSeq 500"
"210","BAY43_RA","paired","Powdery Mildew","leaf","BarleyX",NA,"Infected","unpublished",29.9,"Biotroph",10231359,"missing","Illumina Truseq"
"211","BAY43_RB","paired","Powdery Mildew","leaf","BarleyX",NA,"Infected","unpublished",27.5,"Biotroph",6902543,"missing","Illumina Truseq"
"212","BAY43_RC","paired","Powdery Mildew","leaf","BarleyX",NA,"Infected","unpublished",30,"Biotroph",6225385,"missing","Illumina Truseq"
"213","BAY50_RA","paired","Powdery Mildew","leaf","BarleyX",NA,"Infected","unpublished",26.6,"Biotroph",7230436,"missing","Illumina Truseq"
"214","BAY50_RB","paired","Powdery Mildew","leaf","BarleyX",NA,"Infected","unpublished",22.8,"Biotroph",5208173,"missing","Illumina Truseq"
"215","BAY50_RC","paired","Powdery Mildew","leaf","BarleyX",NA,"Infected","unpublished",23.6,"Biotroph",5046914,"missing","Illumina Truseq"
"216","MUC_01_RA","paired","Powdery Mildew","leaf","BarleyX",NA,"Infected","unpublished",32.2,"Biotroph",7183497,"missing","Illumina Truseq"
"217","MUC_01_RB","paired","Powdery Mildew","leaf","BarleyX",NA,"Infected","unpublished",28.3,"Biotroph",5511222,"missing","Illumina Truseq"
"218","MUC_01_RC","paired","Powdery Mildew","leaf","BarleyX",NA,"Infected","unpublished",25.6,"Biotroph",5947494,"missing","Illumina Truseq"
"219","El01_1_RA","paired","Powdery Mildew","leaf","BarleyX",NA,"Infected","unpublished",32.6,"Biotroph",5327822,"missing","Illumina Truseq"
"220","El01_1_RB","paired","Powdery Mildew","leaf","BarleyX",NA,"Infected","unpublished",24.4,"Biotroph",4453781,"missing","Illumina Truseq"
"221","El01_1_RC","paired","Powdery Mildew","leaf","BarleyX",NA,"Infected","unpublished",26.8,"Biotroph",6317162,"missing","Illumina Truseq"
"222","RA.1","paired","Powdery Mildew","leaf","BarleyX","1hpi","Infected","unpublished",21,"Biotroph",4155028,"missing","Illumina Truseq"
"223","RA.10","paired","Powdery Mildew","leaf","BarleyX","10hpi","Infected","unpublished",21.5,"Biotroph",8374119,"missing","Illumina Truseq"
"224","RA.20","paired","Powdery Mildew","leaf","BarleyX","20hpi","Infected","unpublished",26.9,"Biotroph",5853005,"missing","Illumina Truseq"
"225","RA.30","paired","Powdery Mildew","leaf","BarleyX","30hpi","Infected","unpublished",24.2,"Biotroph",8546867,"missing","Illumina Truseq"
"226","RA.40","paired","Powdery Mildew","leaf","BarleyX","40hpi","Infected","unpublished",18.1,"Biotroph",4798794,"missing","Illumina Truseq"
"227","RA.50","paired","Powdery Mildew","leaf","BarleyX","50hpi","Infected","unpublished",15.4,"Biotroph",6057152,"missing","Illumina Truseq"
"228","RB.1","paired","Powdery Mildew","leaf","BarleyX","1hpi","Infected","unpublished",25.8,"Biotroph",7587215,"missing","Illumina Truseq"
"229","RB.10","paired","Powdery Mildew","leaf","BarleyX","10hpi","Infected","unpublished",18.8999999999999,"Biotroph",3807998,"missing","Illumina Truseq"
"230","RB.20","paired","Powdery Mildew","leaf","BarleyX","20hpi","Infected","unpublished",16.1,"Biotroph",3170518,"missing","Illumina Truseq"
"231","RB.30","paired","Powdery Mildew","leaf","BarleyX","30hpi","Infected","unpublished",19,"Biotroph",5570476,"missing","Illumina Truseq"
"232","RB.40","paired","Powdery Mildew","leaf","BarleyX","40hpi","Infected","unpublished",16.3,"Biotroph",5650442,"missing","Illumina Truseq"
"233","RB.50","paired","Powdery Mildew","leaf","BarleyX","50hpi","Infected","unpublished",13.5,"Biotroph",3257221,"missing","Illumina Truseq"
"234","RC.1","paired","Powdery Mildew","leaf","BarleyX","1hpi","Infected","unpublished",10.8,"Biotroph",2437875,"missing","Illumina Truseq"
"235","RC.10","paired","Powdery Mildew","leaf","BarleyX","10hpi","Infected","unpublished",10.1,"Biotroph",4525633,"missing","Illumina Truseq"
"236","RC.20","paired","Powdery Mildew","leaf","BarleyX","20hpi","Infected","unpublished",10.4,"Biotroph",2163413,"missing","Illumina Truseq"
"237","RC.30","paired","Powdery Mildew","leaf","BarleyX","30hpi","Infected","unpublished",9.19999999999999,"Biotroph",1818512,"missing","Illumina Truseq"
"238","RC.40","paired","Powdery Mildew","leaf","BarleyX","40hpi","Infected","unpublished",7.1,"Biotroph",1792541,"missing","Illumina Truseq"
"239","RC.50","paired","Powdery Mildew","leaf","BarleyX","50hpi","Infected","unpublished",4.4,"Biotroph",1790750,"missing","Illumina Truseq"
